<PhysiCell_settings version="devel-version">

    <cell_rules>
        <rulesets>
            <ruleset protocol="CBHG" version="2.0" format="csv" enabled="false">
                <folder>config</folder>
                <filename>rules.csv</filename>
            </ruleset>
        </rulesets>
    </cell_rules>

    <domain>
        <x_min>-500</x_min>
        <x_max>500</x_max>
        <y_min>-500</y_min>
        <y_max>500</y_max>
        <z_min>-10</z_min>
        <z_max>10</z_max>
        <dx>20</dx>
        <dy>20</dy>
        <dz>20</dz>
        <use_2D>true</use_2D>
    </domain>

    <overall>
        <max_time units="min">7200.0</max_time>
        <time_units>min</time_units>
        <space_units>micron</space_units>
        <dt_diffusion units="min">0.01</dt_diffusion>
        <dt_mechanics units="min">0.1</dt_mechanics>
        <dt_phenotype units="min">6</dt_phenotype>
    </overall>

    <parallel>
        <omp_num_threads>1</omp_num_threads>
    </parallel>

    <save>
        <folder>output_pred_prey_hope</folder>
        <full_data>
            <interval units="min">60</interval>
            <enable>true</enable>
        </full_data>
        <SVG>
            <interval units="min">60</interval>
            <enable>true</enable>
            <plot_substrate enabled="false" limits="false">
                <substrate>food</substrate>
                <min_conc />
                <max_conc />
            </plot_substrate>
        </SVG>
        <legacy_data>
            <enable>false</enable>
        </legacy_data>
    </save>

    <options>
        <legacy_random_points_on_sphere_in_divide>false</legacy_random_points_on_sphere_in_divide>
        <virtual_wall_at_domain_edge>true</virtual_wall_at_domain_edge>
    </options>

    <microenvironment_setup>
        <variable name="food" units="dimensionless" ID="0">
            <physical_parameter_set>
                <diffusion_coefficient units="micron^2/min">100.0</diffusion_coefficient>
                <decay_rate units="1/min">0</decay_rate>
            </physical_parameter_set>
            <initial_condition units="dimensionless">1</initial_condition>
            <Dirichlet_boundary_condition units="dimensionless" enabled="False">0</Dirichlet_boundary_condition>
            <Dirichlet_options>
                <boundary_value ID="xmin" enabled="False">0</boundary_value>
                <boundary_value ID="xmax" enabled="False">0</boundary_value>
                <boundary_value ID="ymin" enabled="False">0</boundary_value>
                <boundary_value ID="ymax" enabled="False">0</boundary_value>
                <boundary_value ID="zmin" enabled="False">0</boundary_value>
                <boundary_value ID="zmax" enabled="False">0</boundary_value>
            </Dirichlet_options>
        </variable>
        <variable name="prey signal" units="dimensionless" ID="1">
            <physical_parameter_set>
                <diffusion_coefficient units="micron^2/min">1000.0</diffusion_coefficient>
                <decay_rate units="1/min">.1</decay_rate>
            </physical_parameter_set>
            <initial_condition units="dimensionless">0</initial_condition>
            <Dirichlet_boundary_condition units="dimensionless" enabled="False">0</Dirichlet_boundary_condition>
            <Dirichlet_options>
                <boundary_value ID="xmin" enabled="False">0</boundary_value>
                <boundary_value ID="xmax" enabled="False">0</boundary_value>
                <boundary_value ID="ymin" enabled="False">0</boundary_value>
                <boundary_value ID="ymax" enabled="False">0</boundary_value>
                <boundary_value ID="zmin" enabled="False">0</boundary_value>
                <boundary_value ID="zmax" enabled="False">0</boundary_value>
            </Dirichlet_options>
        </variable>
        <variable name="predator signal" units="dimensionless" ID="2">
            <physical_parameter_set>
                <diffusion_coefficient units="micron^2/min">1000.0</diffusion_coefficient>
                <decay_rate units="1/min">.1</decay_rate>
            </physical_parameter_set>
            <initial_condition units="dimensionless">0</initial_condition>
            <Dirichlet_boundary_condition units="dimensionless" enabled="False">0</Dirichlet_boundary_condition>
            <Dirichlet_options>
                <boundary_value ID="xmin" enabled="False">0</boundary_value>
                <boundary_value ID="xmax" enabled="False">0</boundary_value>
                <boundary_value ID="ymin" enabled="False">0</boundary_value>
                <boundary_value ID="ymax" enabled="False">0</boundary_value>
                <boundary_value ID="zmin" enabled="False">0</boundary_value>
                <boundary_value ID="zmax" enabled="False">0</boundary_value>
            </Dirichlet_options>
        </variable>
        <options>
            <calculate_gradients>true</calculate_gradients>
            <track_internalized_substrates_in_each_agent>true</track_internalized_substrates_in_each_agent>
            <initial_condition type="matlab" enabled="false">
                <filename>./config/initial.mat</filename>
            </initial_condition>
            <dirichlet_nodes type="matlab" enabled="false">
                <filename>./config/dirichlet.mat</filename>
            </dirichlet_nodes>
        </options>
    </microenvironment_setup>

    <cell_definitions>
        <cell_definition name="farmer" ID="0">
            <phenotype>
                <cycle code="5" name="live">
                    <phase_transition_rates units="1/min">
                        <rate start_index="0" end_index="0" fixed_duration="false">0.0</rate>
                    </phase_transition_rates>
                </cycle>
                <death>
                    <model code="100" name="apoptosis">
                        <death_rate units="1/min">0</death_rate>
                        <phase_durations units="min">
                            <duration index="0" fixed_duration="true">516</duration>
                        </phase_durations>
                        <parameters>
                            <unlysed_fluid_change_rate units="1/min">0.05</unlysed_fluid_change_rate>
                            <lysed_fluid_change_rate units="1/min">0</lysed_fluid_change_rate>
                            <cytoplasmic_biomass_change_rate units="1/min">1.66667e-02</cytoplasmic_biomass_change_rate>
                            <nuclear_biomass_change_rate units="1/min">5.83333e-03</nuclear_biomass_change_rate>
                            <calcification_rate units="1/min">0</calcification_rate>
                            <relative_rupture_volume units="dimensionless">2.0</relative_rupture_volume>
                        </parameters>
                    </model>
                    <model code="101" name="necrosis">
                        <death_rate units="1/min">0.0</death_rate>
                        <phase_durations units="min">
                            <duration index="0" fixed_duration="true">0</duration>
                            <duration index="1" fixed_duration="true">86400</duration>
                        </phase_durations>
                        <parameters>
                            <unlysed_fluid_change_rate units="1/min">1.11667e-2</unlysed_fluid_change_rate>
                            <lysed_fluid_change_rate units="1/min">8.33333e-4</lysed_fluid_change_rate>
                            <cytoplasmic_biomass_change_rate units="1/min">5.33333e-5</cytoplasmic_biomass_change_rate>
                            <nuclear_biomass_change_rate units="1/min">2.16667e-3</nuclear_biomass_change_rate>
                            <calcification_rate units="1/min">0</calcification_rate>
                            <relative_rupture_volume units="dimensionless">2.0</relative_rupture_volume>
                        </parameters>
                    </model>
                </death>
                <volume>
                    <total units="micron^3">2494</total>
                    <fluid_fraction units="dimensionless">0.75</fluid_fraction>
                    <nuclear units="micron^3">540</nuclear>
                    <fluid_change_rate units="1/min">0.05</fluid_change_rate>
                    <cytoplasmic_biomass_change_rate units="1/min">0.0045</cytoplasmic_biomass_change_rate>
                    <nuclear_biomass_change_rate units="1/min">0.0055</nuclear_biomass_change_rate>
                    <calcified_fraction units="dimensionless">0</calcified_fraction>
                    <calcification_rate units="1/min">0</calcification_rate>
                    <relative_rupture_volume units="dimensionless">2.0</relative_rupture_volume>
                </volume>
                <mechanics>
                    <cell_cell_adhesion_strength units="micron/min">0.</cell_cell_adhesion_strength>
                    <cell_cell_repulsion_strength units="micron/min">10.0</cell_cell_repulsion_strength>
                    <relative_maximum_adhesion_distance units="dimensionless">1.25</relative_maximum_adhesion_distance>
                    <cell_adhesion_affinities>
                        <cell_adhesion_affinity name="farmer">1.0</cell_adhesion_affinity>
                        <cell_adhesion_affinity name="prey">1.0</cell_adhesion_affinity>
                        <cell_adhesion_affinity name="predator">1.0</cell_adhesion_affinity>
                    </cell_adhesion_affinities>
                    <options>
                        <set_relative_equilibrium_distance enabled="false" units="dimensionless">1.8</set_relative_equilibrium_distance>
                        <set_absolute_equilibrium_distance enabled="false" units="micron">15.12</set_absolute_equilibrium_distance>
                    </options>
                    <attachment_elastic_constant units="1/min">0.01</attachment_elastic_constant>
                    <attachment_rate units="1/min">0.0</attachment_rate>
                    <detachment_rate units="1/min">0.0</detachment_rate>
                </mechanics>
                <motility>
                    <speed units="micron/min">0.25</speed>
                    <persistence_time units="min">5</persistence_time>
                    <migration_bias units="dimensionless">0.5</migration_bias>
                    <options>
                        <enabled>true</enabled>
                        <use_2D>true</use_2D>
                        <chemotaxis>
                            <enabled>false</enabled>
                            <substrate>food</substrate>
                            <direction>-1</direction>
                        </chemotaxis>
                        <advanced_chemotaxis>
                            <enabled>false</enabled>
                            <normalize_each_gradient>false</normalize_each_gradient>
                            <chemotactic_sensitivities>
                                <chemotactic_sensitivity substrate="food">0.0</chemotactic_sensitivity>
                                <chemotactic_sensitivity substrate="prey signal">0.0</chemotactic_sensitivity>
                                <chemotactic_sensitivity substrate="predator signal">0.0</chemotactic_sensitivity>
                            </chemotactic_sensitivities>
                        </advanced_chemotaxis>
                    </options>
                </motility>
                <secretion>
                    <substrate name="food">
                        <secretion_rate units="1/min">100</secretion_rate>
                        <secretion_target units="substrate density">1</secretion_target>
                        <uptake_rate units="1/min">0</uptake_rate>
                        <net_export_rate units="total substrate/min">0</net_export_rate>
                    </substrate>
                    <substrate name="prey signal">
                        <secretion_rate units="1/min">0</secretion_rate>
                        <secretion_target units="substrate density">1</secretion_target>
                        <uptake_rate units="1/min">0</uptake_rate>
                        <net_export_rate units="total substrate/min">0</net_export_rate>
                    </substrate>
                    <substrate name="predator signal">
                        <secretion_rate units="1/min">0</secretion_rate>
                        <secretion_target units="substrate density">1</secretion_target>
                        <uptake_rate units="1/min">0</uptake_rate>
                        <net_export_rate units="total substrate/min">0</net_export_rate>
                    </substrate>
                </secretion>
                <cell_interactions>
                    <dead_phagocytosis_rate units="1/min">0.0</dead_phagocytosis_rate>
                    <live_phagocytosis_rates>
                        <phagocytosis_rate name="farmer" units="1/min">0.0</phagocytosis_rate>
                        <phagocytosis_rate name="prey" units="1/min">0.0</phagocytosis_rate>
                        <phagocytosis_rate name="predator" units="1/min">0.0</phagocytosis_rate>
                    </live_phagocytosis_rates>
                    <attack_rates>
                        <attack_rate name="farmer" units="1/min">0.0</attack_rate>
                        <attack_rate name="prey" units="1/min">0.0</attack_rate>
                        <attack_rate name="predator" units="1/min">0.0</attack_rate>
                    </attack_rates>
                    <damage_rate units="1/min">1.0</damage_rate>
                    <fusion_rates>
                        <fusion_rate name="farmer" units="1/min">0.0</fusion_rate>
                        <fusion_rate name="prey" units="1/min">0.0</fusion_rate>
                        <fusion_rate name="predator" units="1/min">0.0</fusion_rate>
                    </fusion_rates>
                </cell_interactions>
                <cell_transformations>
                    <transformation_rates>
                        <transformation_rate name="farmer" units="1/min">0.0</transformation_rate>
                        <transformation_rate name="prey" units="1/min">0.0</transformation_rate>
                        <transformation_rate name="predator" units="1/min">0.0</transformation_rate>
                    </transformation_rates>
                </cell_transformations>
            </phenotype>
            <custom_data>
                <energy conserved="false" units="dimensionless" description="">1.0</energy>
                <energy_use_rate conserved="false" units="1/min" description="">1.0</energy_use_rate>
                <energy_creation_rate conserved="false" units="1/min" description="">1.0</energy_creation_rate>
                <predator_weight conserved="false" units="dimensionless" description="">-1</predator_weight>
                <prey_weight conserved="false" units="dimensionless" description="">-1</prey_weight>
                <food_weight conserved="false" units="dimensionless" description="">-10</food_weight>
            </custom_data>
        </cell_definition>
        <cell_definition name="prey" ID="1">
            <phenotype>
                <cycle code="5" name="live">
                    <phase_transition_rates units="1/min">
                        <rate start_index="0" end_index="0" fixed_duration="false">0.003</rate>
                    </phase_transition_rates>
                </cycle>
                <death>
                    <model code="100" name="apoptosis">
                        <death_rate units="1/min">0</death_rate>
                        <phase_durations units="min">
                            <duration index="0" fixed_duration="true">516</duration>
                        </phase_durations>
                        <parameters>
                            <unlysed_fluid_change_rate units="1/min">0.05</unlysed_fluid_change_rate>
                            <lysed_fluid_change_rate units="1/min">0</lysed_fluid_change_rate>
                            <cytoplasmic_biomass_change_rate units="1/min">1.66667e-02</cytoplasmic_biomass_change_rate>
                            <nuclear_biomass_change_rate units="1/min">5.83333e-03</nuclear_biomass_change_rate>
                            <calcification_rate units="1/min">0</calcification_rate>
                            <relative_rupture_volume units="dimensionless">2.0</relative_rupture_volume>
                        </parameters>
                    </model>
                    <model code="101" name="necrosis">
                        <death_rate units="1/min">0.0</death_rate>
                        <phase_durations units="min">
                            <duration index="0" fixed_duration="true">0</duration>
                            <duration index="1" fixed_duration="true">86400</duration>
                        </phase_durations>
                        <parameters>
                            <unlysed_fluid_change_rate units="1/min">1.11667e-2</unlysed_fluid_change_rate>
                            <lysed_fluid_change_rate units="1/min">8.33333e-4</lysed_fluid_change_rate>
                            <cytoplasmic_biomass_change_rate units="1/min">5.33333e-5</cytoplasmic_biomass_change_rate>
                            <nuclear_biomass_change_rate units="1/min">2.16667e-3</nuclear_biomass_change_rate>
                            <calcification_rate units="1/min">0</calcification_rate>
                            <relative_rupture_volume units="dimensionless">2.0</relative_rupture_volume>
                        </parameters>
                    </model>
                </death>
                <volume>
                    <total units="micron^3">2494</total>
                    <fluid_fraction units="dimensionless">0.75</fluid_fraction>
                    <nuclear units="micron^3">540</nuclear>
                    <fluid_change_rate units="1/min">0.05</fluid_change_rate>
                    <cytoplasmic_biomass_change_rate units="1/min">0.0045</cytoplasmic_biomass_change_rate>
                    <nuclear_biomass_change_rate units="1/min">0.0055</nuclear_biomass_change_rate>
                    <calcified_fraction units="dimensionless">0</calcified_fraction>
                    <calcification_rate units="1/min">0</calcification_rate>
                    <relative_rupture_volume units="dimensionless">2.0</relative_rupture_volume>
                </volume>
                <mechanics>
                    <cell_cell_adhesion_strength units="micron/min">0.</cell_cell_adhesion_strength>
                    <cell_cell_repulsion_strength units="micron/min">10.0</cell_cell_repulsion_strength>
                    <relative_maximum_adhesion_distance units="dimensionless">1.25</relative_maximum_adhesion_distance>
                    <cell_adhesion_affinities>
                        <cell_adhesion_affinity name="farmer">1.0</cell_adhesion_affinity>
                        <cell_adhesion_affinity name="prey">1.0</cell_adhesion_affinity>
                        <cell_adhesion_affinity name="predator">1.0</cell_adhesion_affinity>
                    </cell_adhesion_affinities>
                    <options>
                        <set_relative_equilibrium_distance enabled="false" units="dimensionless">1.8</set_relative_equilibrium_distance>
                        <set_absolute_equilibrium_distance enabled="false" units="micron">15.12</set_absolute_equilibrium_distance>
                    </options>
                    <attachment_elastic_constant units="1/min">0.01</attachment_elastic_constant>
                    <attachment_rate units="1/min">0.0</attachment_rate>
                    <detachment_rate units="1/min">0.0</detachment_rate>
                </mechanics>
                <motility>
                    <speed units="micron/min">0.5</speed>
                    <persistence_time units="min">5</persistence_time>
                    <migration_bias units="dimensionless">0.5</migration_bias>
                    <options>
                        <enabled>true</enabled>
                        <use_2D>true</use_2D>
                        <chemotaxis>
                            <enabled>false</enabled>
                            <substrate>food</substrate>
                            <direction>-1</direction>
                        </chemotaxis>
                        <advanced_chemotaxis>
                            <enabled>false</enabled>
                            <normalize_each_gradient>false</normalize_each_gradient>
                            <chemotactic_sensitivities>
                                <chemotactic_sensitivity substrate="food">0.0</chemotactic_sensitivity>
                                <chemotactic_sensitivity substrate="prey signal">0.0</chemotactic_sensitivity>
                                <chemotactic_sensitivity substrate="predator signal">0.0</chemotactic_sensitivity>
                            </chemotactic_sensitivities>
                        </advanced_chemotaxis>
                    </options>
                </motility>
                <secretion>
                    <substrate name="food">
                        <secretion_rate units="1/min">0</secretion_rate>
                        <secretion_target units="substrate density">1</secretion_target>
                        <uptake_rate units="1/min">1</uptake_rate>
                        <net_export_rate units="total substrate/min">0</net_export_rate>
                    </substrate>
                    <substrate name="prey signal">
                        <secretion_rate units="1/min">10</secretion_rate>
                        <secretion_target units="substrate density">1</secretion_target>
                        <uptake_rate units="1/min">0</uptake_rate>
                        <net_export_rate units="total substrate/min">0</net_export_rate>
                    </substrate>
                    <substrate name="predator signal">
                        <secretion_rate units="1/min">0</secretion_rate>
                        <secretion_target units="substrate density">1</secretion_target>
                        <uptake_rate units="1/min">0</uptake_rate>
                        <net_export_rate units="total substrate/min">0</net_export_rate>
                    </substrate>
                </secretion>
                <cell_interactions>
                    <dead_phagocytosis_rate units="1/min">0.0</dead_phagocytosis_rate>
                    <live_phagocytosis_rates>
                        <phagocytosis_rate name="farmer" units="1/min">0.0</phagocytosis_rate>
                        <phagocytosis_rate name="prey" units="1/min">0.0</phagocytosis_rate>
                        <phagocytosis_rate name="predator" units="1/min">0.0</phagocytosis_rate>
                    </live_phagocytosis_rates>
                    <attack_rates>
                        <attack_rate name="farmer" units="1/min">0.0</attack_rate>
                        <attack_rate name="prey" units="1/min">0.0</attack_rate>
                        <attack_rate name="predator" units="1/min">0.0</attack_rate>
                    </attack_rates>
                    <damage_rate units="1/min">1.0</damage_rate>
                    <fusion_rates>
                        <fusion_rate name="farmer" units="1/min">0.0</fusion_rate>
                        <fusion_rate name="prey" units="1/min">0.0</fusion_rate>
                        <fusion_rate name="predator" units="1/min">0.0</fusion_rate>
                    </fusion_rates>
                </cell_interactions>
                <cell_transformations>
                    <transformation_rates>
                        <transformation_rate name="farmer" units="1/min">0.0</transformation_rate>
                        <transformation_rate name="prey" units="1/min">0.0</transformation_rate>
                        <transformation_rate name="predator" units="1/min">0.0</transformation_rate>
                    </transformation_rates>
                </cell_transformations>
            </phenotype>
            <custom_data>
                <energy conserved="false" units="dimensionless" description="">1.0</energy>
                <energy_use_rate conserved="false" units="1/min" description="">1.0</energy_use_rate>
                <energy_creation_rate conserved="false" units="1/min" description="">1.0</energy_creation_rate>
                <predator_weight conserved="false" units="dimensionless" description="">-100</predator_weight>
                <prey_weight conserved="false" units="dimensionless" description="">10</prey_weight>
                <food_weight conserved="false" units="dimensionless" description="">1</food_weight>
            </custom_data>
        </cell_definition>
        <cell_definition name="predator" ID="2">
            <phenotype>
                <cycle code="5" name="live">
                    <phase_transition_rates units="1/min">
                        <rate start_index="0" end_index="0" fixed_duration="false">0.0</rate>
                    </phase_transition_rates>
                </cycle>
                <death>
                    <model code="100" name="apoptosis">
                        <death_rate units="1/min">0</death_rate>
                        <phase_durations units="min">
                            <duration index="0" fixed_duration="true">516</duration>
                        </phase_durations>
                        <parameters>
                            <unlysed_fluid_change_rate units="1/min">0.05</unlysed_fluid_change_rate>
                            <lysed_fluid_change_rate units="1/min">0</lysed_fluid_change_rate>
                            <cytoplasmic_biomass_change_rate units="1/min">1.66667e-02</cytoplasmic_biomass_change_rate>
                            <nuclear_biomass_change_rate units="1/min">5.83333e-03</nuclear_biomass_change_rate>
                            <calcification_rate units="1/min">0</calcification_rate>
                            <relative_rupture_volume units="dimensionless">2.0</relative_rupture_volume>
                        </parameters>
                    </model>
                    <model code="101" name="necrosis">
                        <death_rate units="1/min">0.0</death_rate>
                        <phase_durations units="min">
                            <duration index="0" fixed_duration="true">0</duration>
                            <duration index="1" fixed_duration="true">86400</duration>
                        </phase_durations>
                        <parameters>
                            <unlysed_fluid_change_rate units="1/min">1.11667e-2</unlysed_fluid_change_rate>
                            <lysed_fluid_change_rate units="1/min">8.33333e-4</lysed_fluid_change_rate>
                            <cytoplasmic_biomass_change_rate units="1/min">5.33333e-5</cytoplasmic_biomass_change_rate>
                            <nuclear_biomass_change_rate units="1/min">2.16667e-3</nuclear_biomass_change_rate>
                            <calcification_rate units="1/min">0</calcification_rate>
                            <relative_rupture_volume units="dimensionless">2.0</relative_rupture_volume>
                        </parameters>
                    </model>
                </death>
                <volume>
                    <total units="micron^3">2494</total>
                    <fluid_fraction units="dimensionless">0.75</fluid_fraction>
                    <nuclear units="micron^3">540</nuclear>
                    <fluid_change_rate units="1/min">0.05</fluid_change_rate>
                    <cytoplasmic_biomass_change_rate units="1/min">0.0045</cytoplasmic_biomass_change_rate>
                    <nuclear_biomass_change_rate units="1/min">0.0055</nuclear_biomass_change_rate>
                    <calcified_fraction units="dimensionless">0</calcified_fraction>
                    <calcification_rate units="1/min">0</calcification_rate>
                    <relative_rupture_volume units="dimensionless">2.0</relative_rupture_volume>
                </volume>
                <mechanics>
                    <cell_cell_adhesion_strength units="micron/min">0.</cell_cell_adhesion_strength>
                    <cell_cell_repulsion_strength units="micron/min">10.0</cell_cell_repulsion_strength>
                    <relative_maximum_adhesion_distance units="dimensionless">1.25</relative_maximum_adhesion_distance>
                    <cell_adhesion_affinities>
                        <cell_adhesion_affinity name="farmer">1.0</cell_adhesion_affinity>
                        <cell_adhesion_affinity name="prey">1.0</cell_adhesion_affinity>
                        <cell_adhesion_affinity name="predator">1.0</cell_adhesion_affinity>
                    </cell_adhesion_affinities>
                    <options>
                        <set_relative_equilibrium_distance enabled="false" units="dimensionless">1.8</set_relative_equilibrium_distance>
                        <set_absolute_equilibrium_distance enabled="false" units="micron">15.12</set_absolute_equilibrium_distance>
                    </options>
                    <attachment_elastic_constant units="1/min">0.01</attachment_elastic_constant>
                    <attachment_rate units="1/min">0.0</attachment_rate>
                    <detachment_rate units="1/min">0.0</detachment_rate>
                </mechanics>
                <motility>
                    <speed units="micron/min">0.5</speed>
                    <persistence_time units="min">2.5</persistence_time>
                    <migration_bias units="dimensionless">0.5</migration_bias>
                    <options>
                        <enabled>true</enabled>
                        <use_2D>true</use_2D>
                        <chemotaxis>
                            <enabled>false</enabled>
                            <substrate>food</substrate>
                            <direction>-1</direction>
                        </chemotaxis>
                        <advanced_chemotaxis>
                            <enabled>false</enabled>
                            <normalize_each_gradient>false</normalize_each_gradient>
                            <chemotactic_sensitivities>
                                <chemotactic_sensitivity substrate="food">0.0</chemotactic_sensitivity>
                                <chemotactic_sensitivity substrate="prey signal">0.0</chemotactic_sensitivity>
                                <chemotactic_sensitivity substrate="predator signal">0.0</chemotactic_sensitivity>
                            </chemotactic_sensitivities>
                        </advanced_chemotaxis>
                    </options>
                </motility>
                <secretion>
                    <substrate name="food">
                        <secretion_rate units="1/min">0</secretion_rate>
                        <secretion_target units="substrate density">1</secretion_target>
                        <uptake_rate units="1/min">0</uptake_rate>
                        <net_export_rate units="total substrate/min">0</net_export_rate>
                    </substrate>
                    <substrate name="prey signal">
                        <secretion_rate units="1/min">0</secretion_rate>
                        <secretion_target units="substrate density">1</secretion_target>
                        <uptake_rate units="1/min">0</uptake_rate>
                        <net_export_rate units="total substrate/min">0</net_export_rate>
                    </substrate>
                    <substrate name="predator signal">
                        <secretion_rate units="1/min">10</secretion_rate>
                        <secretion_target units="substrate density">1</secretion_target>
                        <uptake_rate units="1/min">0</uptake_rate>
                        <net_export_rate units="total substrate/min">0</net_export_rate>
                    </substrate>
                </secretion>
                <cell_interactions>
                    <dead_phagocytosis_rate units="1/min">0.0</dead_phagocytosis_rate>
                    <live_phagocytosis_rates>
                        <phagocytosis_rate name="farmer" units="1/min">0.0</phagocytosis_rate>
                        <phagocytosis_rate name="prey" units="1/min">0.0</phagocytosis_rate>
                        <phagocytosis_rate name="predator" units="1/min">0.0</phagocytosis_rate>
                    </live_phagocytosis_rates>
                    <attack_rates>
                        <attack_rate name="farmer" units="1/min">0.0</attack_rate>
                        <attack_rate name="prey" units="1/min">0.0</attack_rate>
                        <attack_rate name="predator" units="1/min">0.0</attack_rate>
                    </attack_rates>
                    <damage_rate units="1/min">1.0</damage_rate>
                    <fusion_rates>
                        <fusion_rate name="farmer" units="1/min">0.0</fusion_rate>
                        <fusion_rate name="prey" units="1/min">0.0</fusion_rate>
                        <fusion_rate name="predator" units="1/min">0.0</fusion_rate>
                    </fusion_rates>
                </cell_interactions>
                <cell_transformations>
                    <transformation_rates>
                        <transformation_rate name="farmer" units="1/min">0.0</transformation_rate>
                        <transformation_rate name="prey" units="1/min">0.0</transformation_rate>
                        <transformation_rate name="predator" units="1/min">0.0</transformation_rate>
                    </transformation_rates>
                </cell_transformations>
            </phenotype>
            <custom_data>
                <energy conserved="false" units="dimensionless" description="">1.0</energy>
                <energy_use_rate conserved="false" units="1/min" description="">0.1</energy_use_rate>
                <energy_creation_rate conserved="false" units="1/min" description="">1.0</energy_creation_rate>
                <predator_weight conserved="false" units="dimensionless" description="">-2</predator_weight>
                <prey_weight conserved="false" units="dimensionless" description="">100</prey_weight>
                <food_weight conserved="false" units="dimensionless" description="">1</food_weight>
            </custom_data>
        </cell_definition>
    </cell_definitions>

    <initial_conditions>
        <cell_positions type="csv" enabled="false">
            <folder>./config</folder>
            <filename>cells.csv</filename>
        </cell_positions>
    </initial_conditions>

    <user_parameters>
        <random_seed type="int" units="dimensionless" description="">0</random_seed>
        <number_of_farmers type="int" units="none" description="initial number of farmer cells">15</number_of_farmers>
        <number_of_prey type="int" units="none" description="initial number of prey cells">50</number_of_prey>
        <number_of_predators type="int" units="none" description="initial number of predators cells">20</number_of_predators>
    </user_parameters>
</PhysiCell_settings>